area,n,top1
DC,3918,0.8282286881061767
DW,2226,0.8463611859838275
DY,1129,0.9007971656333038
EC,497,0.42857142857142855
OTHER,99,0.15151515151515152
TD,2321,0.7600172339508833
