range_sec,n,median_abs_err_sec,mean_abs_err_sec
"[0,10)",2797,3.7078909873962402,127.3927993774414
"[10,60)",2725,12.65693473815918,508.57989501953125
"[60,300)",2183,82.670654296875,2267.52880859375
"[300,1800)",1040,276.99481201171875,2443.364013671875
"[1800,1000000000)",1445,85598.90625,322903.34375
