headcode,n,top1
empty_ecs,1475,0.5694915254237288
freight,737,0.7299864314789688
other,192,0.5572916666666666
passenger,7786,0.854482404315438
