bin,n,top1
1-1,3,1.0
2-3,3,0.0
4-6,17,0.8235294222831726
7-15,120,0.925000011920929
16-50,1387,0.8968997597694397
51-150,83,0.5662650465965271
151-300,8577,0.7833741307258606
