area,n,top1
DC,3918,0.8688106176620725
DW,2226,0.8921832884097035
DY,1129,0.9468556244464128
EC,497,0.4909456740442656
OTHER,99,0.30303030303030304
TD,2321,0.8302455838000862
