range_sec,n,median_abs_err_sec,mean_abs_err_sec
"[0,10)",2797,1.664095401763916,178.72073364257812
"[10,60)",2725,9.412654876708984,531.2654418945312
"[60,300)",2183,69.34747314453125,1737.7637939453125
"[300,1800)",1040,252.310302734375,3077.8232421875
"[1800,1000000000)",1445,85559.8671875,319956.71875
