headcode,n,top1
empty_ecs,1475,0.6176271186440678
freight,737,0.7910447761194029
other,192,0.609375
passenger,7786,0.905342923195479
