bin,n,top1
1-1,3,1.0
2-3,3,0.0
4-6,17,0.8823529481887817
7-15,120,0.9583333134651184
16-50,1387,0.9329488277435303
51-150,83,0.6265060305595398
151-300,8577,0.837239146232605
